scenario,split_ratio,seed,model,n_train,n_test,accuracy,precision,recall,f1,balanced_acc,train_time_s,peak_memory_mb,hyperparameters,noise_sigma,corruption_rate,imputer
split_sensitivity,60/40,13,LR-Newton,19536,13025,0.8261804222648752,0.7203432609793033,0.45489321007331845,0.5576397030089879,0.6994328509913518,0.06351529999665217,6.476837158203125,"{""n_iterations"": 25, ""tol"": 1e-06}",,,
split_sensitivity,60/40,13,L2-LR,19536,13025,0.8235700575815739,0.7244515783841626,0.43162256933375837,0.5409508589692369,0.6897696180002125,0.471950500003004,3.3604259490966797,"{""learning_rate"": 0.1, ""n_iterations"": 220, ""reg_type"": ""l2"", ""reg_lambda"": 5.0, ""class_weight"": null}",,,
split_sensitivity,60/40,13,LDA,19536,13025,0.8154318618042227,0.7050923335198657,0.40165763468281795,0.511779041429732,0.6741803545582374,0.006168799998704344,3.2075042724609375,{},,,
split_sensitivity,60/40,13,GNB,19536,13025,0.7967754318618042,0.6642091152815014,0.31590691743704175,0.4281702311514366,0.6326197208544432,0.006134900002507493,2.7813949584960938,{},,,
split_sensitivity,60/40,42,LR-Newton,19536,13025,0.8260268714011516,0.7241379310344828,0.4485176920624801,0.5539370078740158,0.6971552861606899,0.05473040000288165,6.477836608886719,"{""n_iterations"": 25, ""tol"": 1e-06}",,,
split_sensitivity,60/40,42,L2-LR,19536,13025,0.8217274472168906,0.7223131478450627,0.4220592923175008,0.5327967806841046,0.6852913775503362,0.45485090000147466,3.360319137573242,"{""learning_rate"": 0.1, ""n_iterations"": 220, ""reg_type"": ""l2"", ""reg_lambda"": 5.0, ""class_weight"": null}",,,
split_sensitivity,60/40,42,LDA,19536,13025,0.8138963531669866,0.7064273306311523,0.38890659866114125,0.5016447368421053,0.6688161634082406,0.005941999999777181,3.2075042724609375,{},,,
split_sensitivity,60/40,42,GNB,19536,13025,0.7978502879078695,0.6794871794871795,0.3041122091169908,0.4201717683329663,0.6293012501895634,0.006278399996517692,2.7813949584960938,{},,,
split_sensitivity,60/40,77,LR-Newton,19536,13025,0.8247216890595009,0.7086999022482894,0.4622250557857826,0.5595215126374686,0.7009749874398169,0.04785260000062408,6.477836608886719,"{""n_iterations"": 25, ""tol"": 1e-06}",,,
split_sensitivity,60/40,77,L2-LR,19536,13025,0.821957773512476,0.7123572170301142,0.4373605355435129,0.5419711633418921,0.690666513726449,0.4819041000009747,3.361591339111328,"{""learning_rate"": 0.1, ""n_iterations"": 220, ""reg_type"": ""l2"", ""reg_lambda"": 5.0, ""class_weight"": null}",,,
split_sensitivity,60/40,77,LDA,19536,13025,0.8107485604606526,0.6850220264317181,0.39655722027414725,0.5023218251564708,0.6693546619170089,0.00582840000060969,3.2075042724609375,{},,,
split_sensitivity,60/40,77,GNB,19536,13025,0.7928598848368522,0.6464309539693128,0.30889384762511957,0.4180327868852459,0.627646762000262,0.006117100001574727,2.7813949584960938,{},,,
split_sensitivity,60/40,123,LR-Newton,19536,13025,0.8247984644913627,0.7223088923556942,0.4427797258527255,0.5490118577075099,0.6943874357418968,0.04689390000203275,6.477836608886719,"{""n_iterations"": 25, ""tol"": 1e-06}",,,
split_sensitivity,60/40,123,L2-LR,19536,13025,0.8213435700575816,0.725,0.41600255020720434,0.5286611302410371,0.6829709352977769,0.5235205999997561,3.3618431091308594,"{""learning_rate"": 0.1, ""n_iterations"": 220, ""reg_type"": ""l2"", ""reg_lambda"": 5.0, ""class_weight"": null}",,,
split_sensitivity,60/40,123,LDA,19536,13025,0.8138195777351248,0.7086752637749121,0.3854000637551801,0.4992773074540574,0.6675685593856806,0.006435000002966262,3.208221435546875,{},,,
split_sensitivity,60/40,123,GNB,19536,13025,0.7966986564299424,0.670383275261324,0.3066624163213261,0.42082239720035,0.6294133279017634,0.006284300001425436,2.7813949584960938,{},,,
split_sensitivity,60/40,2026,LR-Newton,19536,13025,0.8257197696737044,0.7219662058371735,0.44947401976410584,0.5540275049115914,0.6972794856102082,0.11139840000032564,6.477836608886719,"{""n_iterations"": 25, ""tol"": 1e-06}",,,
split_sensitivity,60/40,2026,L2-LR,19536,13025,0.8233397312859885,0.725945945945946,0.4281160344277973,0.53860036093844,0.6884208812915685,0.48115150000012363,3.3604259490966797,"{""learning_rate"": 0.1, ""n_iterations"": 220, ""reg_type"": ""l2"", ""reg_lambda"": 5.0, ""class_weight"": null}",,,
split_sensitivity,60/40,2026,LDA,19536,13025,0.81489443378119,0.7115384615384616,0.38922537456168316,0.5031939006799918,0.6695823474750163,0.0061284000003070105,3.2075042724609375,{},,,
split_sensitivity,60/40,2026,GNB,19536,13025,0.7970825335892514,0.6689466484268126,0.31176283072999683,0.4253098499673842,0.631407305332636,0.007329300002311356,2.7813949584960938,{},,,
split_sensitivity,70/30,13,LR-Newton,22792,9769,0.8259801412631794,0.7245179063360881,0.44727891156462585,0.5531019978969506,0.6966743755611993,0.06771410000146716,7.546012878417969,"{""n_iterations"": 25, ""tol"": 1e-06}",,,
split_sensitivity,70/30,13,L2-LR,22792,9769,0.8237281195618794,0.7306002928257687,0.42431972789115646,0.5368477676169984,0.6873519901421536,0.5179538000011235,3.9085121154785156,"{""learning_rate"": 0.1, ""n_iterations"": 220, ""reg_type"": ""l2"", ""reg_lambda"": 5.0, ""class_weight"": null}",,,
split_sensitivity,70/30,13,LDA,22792,9769,0.8151294912478247,0.7113003095975232,0.3907312925170068,0.504390779363337,0.6702207089523149,0.0064807999988261145,3.7409210205078125,{},,,
split_sensitivity,70/30,13,GNB,22792,9769,0.7954754836728427,0.6552631578947369,0.31760204081632654,0.42783505154639173,0.6323078290909191,0.007194100002379855,3.2338485717773438,{},,,
split_sensitivity,70/30,42,LR-Newton,22792,9769,0.8258777766403931,0.7227926078028748,0.4489795918367347,0.5538945712037766,0.6971876521944897,0.06782810000004247,7.546012878417969,"{""n_iterations"": 25, ""tol"": 1e-06}",,,
split_sensitivity,70/30,42,L2-LR,22792,9769,0.8221926502200839,0.7229876722262509,0.42389455782312924,0.53444116858751,0.6861956273004011,0.5773287000010896,3.9084129333496094,"{""learning_rate"": 0.1, ""n_iterations"": 220, ""reg_type"": ""l2"", ""reg_lambda"": 5.0, ""class_weight"": null}",,,
split_sensitivity,70/30,42,LDA,22792,9769,0.8145153035111066,0.7064220183486238,0.39285714285714285,0.5049180327868853,0.6705420944163023,0.007050100000924431,3.7409210205078125,{},,,
split_sensitivity,70/30,42,GNB,22792,9769,0.7959873067867745,0.6691800188501413,0.3018707482993197,0.41605625549370057,0.6272735162556327,0.0077651999999943655,3.2338485717773438,{},,,
split_sensitivity,70/30,77,LR-Newton,22792,9769,0.8252635889036749,0.7137176938369781,0.45790816326530615,0.5578865578865578,0.6998317949938504,0.0497399999985646,7.546012878417969,"{""n_iterations"": 25, ""tol"": 1e-06}",,,
split_sensitivity,70/30,77,L2-LR,22792,9769,0.8215784624833657,0.7118997912317327,0.43494897959183676,0.5399841646872525,0.6895656317670658,0.4897230999995372,3.9069347381591797,"{""learning_rate"": 0.1, ""n_iterations"": 220, ""reg_type"": ""l2"", ""reg_lambda"": 5.0, ""class_weight"": null}",,,
split_sensitivity,70/30,77,LDA,22792,9769,0.8108301770907974,0.6869436201780416,0.3937074829931973,0.5005405405405405,0.6684055818633238,0.006518100002722349,3.7409210205078125,{},,,
split_sensitivity,70/30,77,GNB,22792,9769,0.7932234619715426,0.6490125673249552,0.30739795918367346,0.4171956145412579,0.6273406136756982,0.0069598999980371445,3.2338485717773438,{},,,
split_sensitivity,70/30,123,LR-Newton,22792,9769,0.8264919643771113,0.7305263157894737,0.44260204081632654,0.551231135822081,0.6954145433958941,0.06756730000051903,7.546012878417969,"{""n_iterations"": 25, ""tol"": 1e-06}",,,
split_sensitivity,70/30,123,L2-LR,22792,9769,0.8228068379568021,0.7305122494432071,0.41836734693877553,0.5320356853203568,0.6847128631687271,0.5314968999991834,3.908360481262207,"{""learning_rate"": 0.1, ""n_iterations"": 220, ""reg_type"": ""l2"", ""reg_lambda"": 5.0, ""class_weight"": null}",,,
split_sensitivity,70/30,123,LDA,22792,9769,0.8152318558706111,0.7168913560666138,0.3843537414965986,0.5004151674508719,0.6681105366509554,0.006285999999818159,3.7409210205078125,{},,,
split_sensitivity,70/30,123,GNB,22792,9769,0.7974204115057836,0.6771130104463438,0.3031462585034014,0.4187958883994126,0.6286528110637541,0.007002199999988079,3.2338485717773438,{},,,
split_sensitivity,70/30,2026,LR-Newton,22792,9769,0.8270037874910431,0.7218498659517426,0.45790816326530615,0.5603537981269511,0.7009778109032476,0.051773199997114716,7.546012878417969,"{""n_iterations"": 25, ""tol"": 1e-06}",,,
split_sensitivity,70/30,2026,L2-LR,22792,9769,0.8252635889036749,0.7266338721011947,0.43962585034013607,0.5478145695364238,0.6935893846550351,0.5254945999986376,3.908100128173828,"{""learning_rate"": 0.1, ""n_iterations"": 220, ""reg_type"": ""l2"", ""reg_lambda"": 5.0, ""class_weight"": null}",,,
split_sensitivity,70/30,2026,LDA,22792,9769,0.8164602313440475,0.7138485080336648,0.39668367346938777,0.5099754031156054,0.6731294867279526,0.00665609999850858,3.7409210205078125,{},,,
split_sensitivity,70/30,2026,GNB,22792,9769,0.7992629747159382,0.674087266251113,0.3218537414965986,0.4356834532374101,0.6362538223459804,0.007169799999246607,3.2338485717773438,{},,,
split_sensitivity,80/20,13,LR-Newton,26048,6513,0.8274220789190849,0.726530612244898,0.45408163265306123,0.5588697017268446,0.6999427374589877,0.07290600000123959,8.614189147949219,"{""n_iterations"": 25, ""tol"": 1e-06}",,,
split_sensitivity,80/20,13,L2-LR,26048,6513,0.8248119146322739,0.7303128371089536,0.4317602040816326,0.5426853707414829,0.6906020433957203,0.6113798999977007,4.455699920654297,"{""learning_rate"": 0.1, ""n_iterations"": 220, ""reg_type"": ""l2"", ""reg_lambda"": 5.0, ""class_weight"": null}",,,
split_sensitivity,80/20,13,LDA,26048,6513,0.8168278826961461,0.715765247410817,0.39668367346938777,0.5104636848584325,0.673367114793339,0.0075666999982786365,4.274421691894531,{},,,
split_sensitivity,80/20,13,GNB,26048,6513,0.7957930293259634,0.6578249336870027,0.3163265306122449,0.4272179155900086,0.6320763087843833,0.008262900002591778,3.6864852905273438,{},,,
split_sensitivity,80/20,42,LR-Newton,26048,6513,0.8263473053892215,0.7278415015641293,0.4451530612244898,0.5524337158686189,0.6961862373867646,0.057062399999267654,8.614189147949219,"{""n_iterations"": 25, ""tol"": 1e-06}",,,
split_sensitivity,80/20,42,L2-LR,26048,6513,0.8231229847996315,0.7290748898678414,0.4221938775510204,0.5347334410339257,0.6862233290687356,0.6221021999990626,4.454860687255859,"{""learning_rate"": 0.1, ""n_iterations"": 220, ""reg_type"": ""l2"", ""reg_lambda"": 5.0, ""class_weight"": null}",,,
split_sensitivity,80/20,42,LDA,26048,6513,0.8151389528635038,0.7141176470588235,0.38711734693877553,0.5020678246484698,0.6689884004663544,0.007440499997755978,4.274421691894531,{},,,
split_sensitivity,80/20,42,GNB,26048,6513,0.7939505604176262,0.6605113636363636,0.2965561224489796,0.40933098591549294,0.6241122371597779,0.007854399998905137,3.6864852905273438,{},,,
split_sensitivity,80/20,77,LR-Newton,26048,6513,0.8265008444649163,0.7295597484276729,0.44387755102040816,0.5519429024583664,0.6958518189884649,0.09127380000063567,8.614189147949219,"{""n_iterations"": 25, ""tol"": 1e-06}",,,
split_sensitivity,80/20,77,L2-LR,26048,6513,0.8217411331183786,0.7263626251390434,0.4164540816326531,0.5293879205512768,0.6833534311095519,0.6012880999987829,4.45344352722168,"{""learning_rate"": 0.1, ""n_iterations"": 220, ""reg_type"": ""l2"", ""reg_lambda"": 5.0, ""class_weight"": null}",,,
split_sensitivity,80/20,77,LDA,26048,6513,0.8093044679871028,0.6959134615384616,0.3692602040816326,0.4825,0.6590487066919791,0.007733800001005875,4.274421691894531,{},,,
split_sensitivity,80/20,77,GNB,26048,6513,0.7948717948717948,0.6597796143250688,0.305484693877551,0.4176111595466434,0.6277676249974206,0.007983800001966301,3.6864852905273438,{},,,
split_sensitivity,80/20,123,LR-Newton,26048,6513,0.8278826961461692,0.7316062176165803,0.4502551020408163,0.5574417686537703,0.6989394822640886,0.07275880000088364,8.614189147949219,"{""n_iterations"": 25, ""tol"": 1e-06}",,,
split_sensitivity,80/20,123,L2-LR,26048,6513,0.8241977583294948,0.7311475409836066,0.42665816326530615,0.5388642770841724,0.6884554719258785,0.6325467999995453,4.454860687255859,"{""learning_rate"": 0.1, ""n_iterations"": 220, ""reg_type"": ""l2"", ""reg_lambda"": 5.0, ""class_weight"": null}",,,
split_sensitivity,80/20,123,LDA,26048,6513,0.8171349608475357,0.7215041128084606,0.39158163265306123,0.5076477883422902,0.6718272167309796,0.008432300001004478,4.274421691894531,{},,,
split_sensitivity,80/20,123,GNB,26048,6513,0.7971748810072163,0.678726483357453,0.29910714285714285,0.41522797698096503,0.6271066553517262,0.008187800001905998,3.6864852905273438,{},,,
split_sensitivity,80/20,2026,LR-Newton,26048,6513,0.8278826961461692,0.72782874617737,0.45535714285714285,0.5602196939976462,0.7006816047956088,0.05639300000257208,8.614189147949219,"{""n_iterations"": 25, ""tol"": 1e-06}",,,
split_sensitivity,80/20,2026,L2-LR,26048,6513,0.8257331490864425,0.7295864262990456,0.4387755102040816,0.5479888490641179,0.6936041352840429,0.5842798999983643,4.454921722412109,"{""learning_rate"": 0.1, ""n_iterations"": 220, ""reg_type"": ""l2"", ""reg_lambda"": 5.0, ""class_weight"": null}",,,
split_sensitivity,80/20,2026,LDA,26048,6513,0.8182097343773991,0.717687074829932,0.40369897959183676,0.516734693877551,0.6766725433854027,0.007450500001141336,4.274421691894531,{},,,
split_sensitivity,80/20,2026,GNB,26048,6513,0.7977890373099954,0.6712141882673943,0.3137755102040816,0.4276401564537158,0.6325197065681682,0.007680599999730475,3.6864852905273438,{},,,
clean_baseline,,42,LR-Newton,26048,6513,0.8263473053892215,0.7278415015641293,0.4451530612244898,0.5524337158686189,0.6961862373867646,0.05650150000292342,8.614120483398438,"{""n_iterations"": 25, ""tol"": 1e-06}",0.0,0.0,none
clean_baseline,,42,L2-LR,26048,6513,0.8231229847996315,0.7290748898678414,0.4221938775510204,0.5347334410339257,0.6862233290687356,0.576878999996552,4.454685211181641,"{""learning_rate"": 0.1, ""n_iterations"": 220, ""reg_type"": ""l2"", ""reg_lambda"": 5.0, ""class_weight"": null}",0.0,0.0,none
clean_baseline,,42,LDA,26048,6513,0.8151389528635038,0.7141176470588235,0.38711734693877553,0.5020678246484698,0.6689884004663544,0.007419900000968482,4.274421691894531,{},0.0,0.0,none
clean_baseline,,42,GNB,26048,6513,0.7939505604176262,0.6605113636363636,0.2965561224489796,0.40933098591549294,0.6241122371597779,0.007391999999526888,3.6864852905273438,{},0.0,0.0,none
noise_injection,,13,LR-Newton,26048,6513,0.826654383540611,0.7246673490276356,0.45153061224489793,0.556385068762279,0.6985661150203256,0.06138629999986733,8.614753723144531,"{""n_iterations"": 25, ""tol"": 1e-06}",0.1,0.0,none
noise_injection,,13,L2-LR,26048,6513,0.8238906801781053,0.7300546448087432,0.4260204081632653,0.5380587998389046,0.6880354821402778,0.6610225000003993,4.455554962158203,"{""learning_rate"": 0.1, ""n_iterations"": 220, ""reg_type"": ""l2"", ""reg_lambda"": 5.0, ""class_weight"": null}",0.1,0.0,none
noise_injection,,13,LDA,26048,6513,0.8163672654690619,0.7183098591549296,0.3903061224489796,0.5057851239669422,0.6708861249251976,0.007474599999113707,4.274421691894531,{},0.1,0.0,none
noise_injection,,13,GNB,26048,6513,0.7968678028558268,0.6820208023774146,0.2927295918367347,0.40963855421686746,0.6247267777181651,0.008186399998521665,3.6864852905273438,{},0.1,0.0,none
noise_injection,,42,LR-Newton,26048,6513,0.8269614616920006,0.7280248190279214,0.4489795918367347,0.5554240631163708,0.6978972782237263,0.06358660000114469,8.615203857421875,"{""n_iterations"": 25, ""tol"": 1e-06}",0.1,0.0,none
noise_injection,,42,L2-LR,26048,6513,0.8237371411024106,0.7328159645232816,0.4215561224489796,0.5352226720647774,0.6864100126906172,0.6550534999987576,4.454677581787109,"{""learning_rate"": 0.1, ""n_iterations"": 220, ""reg_type"": ""l2"", ""reg_lambda"": 5.0, ""class_weight"": null}",0.1,0.0,none
noise_injection,,42,LDA,26048,6513,0.8151389528635038,0.7136150234741784,0.3877551020408163,0.5024793388429752,0.6692061657827943,0.008269300000392832,4.274421691894531,{},0.1,0.0,none
noise_injection,,42,GNB,26048,6513,0.7971748810072163,0.6835066864784547,0.29336734693877553,0.4105310129406515,0.6251467675037659,0.009089300001505762,3.6864852905273438,{},0.1,0.0,none
noise_injection,,77,LR-Newton,26048,6513,0.8240442192538001,0.7211740041928721,0.4387755102040816,0.5455987311657414,0.6924919007036586,0.08282379999945988,8.615203857421875,"{""n_iterations"": 25, ""tol"": 1e-06}",0.1,0.0,none
noise_injection,,77,L2-LR,26048,6513,0.8215875940426839,0.7240618101545254,0.41836734693877553,0.5303152789005658,0.6839056148242917,0.6133556999993743,4.454556465148926,"{""learning_rate"": 0.1, ""n_iterations"": 220, ""reg_type"": ""l2"", ""reg_lambda"": 5.0, ""class_weight"": null}",0.1,0.0,none
noise_injection,,77,LDA,26048,6513,0.8145247965607247,0.7112676056338029,0.3864795918367347,0.5008264462809917,0.6683661862115928,0.007550500002253102,4.274421691894531,{},0.1,0.0,none
noise_injection,,77,GNB,26048,6513,0.7968678028558268,0.6842105263157895,0.29017857142857145,0.40752351097178685,0.623855716452405,0.007709500001510605,3.6864852905273438,{},0.1,0.0,none
noise_injection,,123,LR-Newton,26048,6513,0.8241977583294948,0.7200832466181062,0.4413265306122449,0.5472518782127324,0.693464074203999,0.08947489999991376,8.615203857421875,"{""n_iterations"": 25, ""tol"": 1e-06}",0.1,0.0,none
noise_injection,,123,L2-LR,26048,6513,0.8218946721940734,0.7276785714285714,0.41581632653061223,0.5292207792207793,0.6832367780276923,0.5725067999992461,4.453290939331055,"{""learning_rate"": 0.1, ""n_iterations"": 220, ""reg_type"": ""l2"", ""reg_lambda"": 5.0, ""class_weight"": null}",0.1,0.0,none
noise_injection,,123,LDA,26048,6513,0.8151389528635038,0.714622641509434,0.3864795918367347,0.5016556291390728,0.6687706351499144,0.007814299999154173,4.274421691894531,{},0.1,0.0,none
noise_injection,,123,GNB,26048,6513,0.7968678028558268,0.6842105263157895,0.29017857142857145,0.40752351097178685,0.623855716452405,0.008150199999363394,3.6864852905273438,{},0.1,0.0,none
noise_injection,,2026,LR-Newton,26048,6513,0.8263473053892215,0.7321997874601488,0.43941326530612246,0.5492227979274611,0.6942263495388044,0.10338279999996303,8.615203857421875,"{""n_iterations"": 25, ""tol"": 1e-06}",0.1,0.0,none
noise_injection,,2026,L2-LR,26048,6513,0.8246583755565792,0.7366666666666667,0.42283163265306123,0.5372771474878444,0.6874522167309796,0.5492070999971475,4.453290939331055,"{""learning_rate"": 0.1, ""n_iterations"": 220, ""reg_type"": ""l2"", ""reg_lambda"": 5.0, ""class_weight"": null}",0.1,0.0,none
noise_injection,,2026,LDA,26048,6513,0.814985413787809,0.7132784958871915,0.38711734693877553,0.5018602728400166,0.668887288231774,0.007427299999108072,4.274421691894531,{},0.1,0.0,none
noise_injection,,2026,GNB,26048,6513,0.7959465684016582,0.6786248131539612,0.2895408163265306,0.4059007599463567,0.6230312777284828,0.007575799998448929,3.6864852905273438,{},0.1,0.0,none
noise_injection,,13,LR-Newton,26048,6513,0.8126823276523876,0.6977272727272728,0.39158163265306123,0.5016339869281046,0.6688949619281483,0.057120199999189936,8.614654541015625,"{""n_iterations"": 25, ""tol"": 1e-06}",0.5,0.0,none
noise_injection,,13,L2-LR,26048,6513,0.810379241516966,0.6911595866819747,0.38392857142857145,0.49364493644936447,0.6647650946121624,0.6380743999980041,4.454556465148926,"{""learning_rate"": 0.1, ""n_iterations"": 220, ""reg_type"": ""l2"", ""reg_lambda"": 5.0, ""class_weight"": null}",0.5,0.0,none
noise_injection,,13,LDA,26048,6513,0.8050053738676494,0.6945169712793734,0.3392857142857143,0.45586975149957154,0.6459825942510473,0.007475099999282975,4.274421691894531,{},0.5,0.0,none
noise_injection,,13,GNB,26048,6513,0.793489943190542,0.6778309409888357,0.2710459183673469,0.38724373576309795,0.6150982877984359,0.007839900001272326,3.6864852905273438,{},0.5,0.0,none
noise_injection,,42,LR-Newton,26048,6513,0.809765085214187,0.6979542719614922,0.36989795918367346,0.48353480616923716,0.6595698087121603,0.05350629999884404,8.614654541015625,"{""n_iterations"": 25, ""tol"": 1e-06}",0.5,0.0,none
noise_injection,,42,L2-LR,26048,6513,0.8089973898357132,0.699017199017199,0.36288265306122447,0.47774979009235935,0.6566688290584182,0.5998165999990306,4.454456329345703,"{""learning_rate"": 0.1, ""n_iterations"": 220, ""reg_type"": ""l2"", ""reg_lambda"": 5.0, ""class_weight"": null}",0.5,0.0,none
noise_injection,,42,LDA,26048,6513,0.8028558268079227,0.6924119241192412,0.32589285714285715,0.44319167389418906,0.6399939513216814,0.0073545000013837125,4.274421691894531,{},0.5,0.0,none
noise_injection,,42,GNB,26048,6513,0.7976354982343006,0.7055921052631579,0.2735969387755102,0.3943014705882353,0.6186993793978663,0.007693499999732012,3.6864852905273438,{},0.5,0.0,none
noise_injection,,77,LR-Newton,26048,6513,0.8074619990787656,0.6768018018018018,0.3832908163265306,0.48941368078175895,0.6626261968386951,0.11517879999883007,8.614219665527344,"{""n_iterations"": 25, ""tol"": 1e-06}",0.5,0.0,none
noise_injection,,77,L2-LR,26048,6513,0.8085367726086289,0.6842709529276694,0.38010204081632654,0.4887248872488725,0.6622451558985576,0.6018684000009671,4.454868316650391,"{""learning_rate"": 0.1, ""n_iterations"": 220, ""reg_type"": ""l2"", ""reg_lambda"": 5.0, ""class_weight"": null}",0.5,0.0,none
noise_injection,,77,LDA,26048,6513,0.805926608321818,0.6948717948717948,0.34566326530612246,0.4616695059625213,0.6487669208229299,0.007389399997919099,4.274421691894531,{},0.5,0.0,none
noise_injection,,77,GNB,26048,6513,0.7959465684016582,0.6930533117932148,0.2735969387755102,0.39231824417009603,0.6175871448174821,0.008507500002451707,3.6864852905273438,{},0.5,0.0,none
noise_injection,,123,LR-Newton,26048,6513,0.8086903116843237,0.6842105263157895,0.38137755102040816,0.48976248976248976,0.6627817987660181,0.06922259999919333,8.614654541015625,"{""n_iterations"": 25, ""tol"": 1e-06}",0.5,0.0,none
noise_injection,,123,L2-LR,26048,6513,0.8085367726086289,0.686411149825784,0.37691326530612246,0.4866200082338411,0.6611563293163575,0.589981599998282,4.454860687255859,"{""learning_rate"": 0.1, ""n_iterations"": 220, ""reg_type"": ""l2"", ""reg_lambda"": 5.0, ""class_weight"": null}",0.5,0.0,none
noise_injection,,123,LDA,26048,6513,0.8019345923537541,0.6805194805194805,0.33418367346938777,0.4482463644140291,0.6422182270279193,0.006990100002440158,4.274421691894531,{},0.5,0.0,none
noise_injection,,123,GNB,26048,6513,0.7942576385690158,0.6856677524429967,0.2684948979591837,0.38588450962419796,0.6147327877055777,0.00784869999915827,3.6864852905273438,{},0.5,0.0,none
noise_injection,,2026,LR-Newton,26048,6513,0.8105327805926609,0.6973995271867612,0.3762755102040816,0.4888152444076222,0.6622530230494624,0.06517540000277222,8.614654541015625,"{""n_iterations"": 25, ""tol"": 1e-06}",0.5,0.0,none
noise_injection,,2026,L2-LR,26048,6513,0.810379241516966,0.6998799519807923,0.3718112244897959,0.48563098708871305,0.6606275535998019,0.5887822000004235,4.454868316650391,"{""learning_rate"": 0.1, ""n_iterations"": 220, ""reg_type"": ""l2"", ""reg_lambda"": 5.0, ""class_weight"": null}",0.5,0.0,none
noise_injection,,2026,LDA,26048,6513,0.8037770612620913,0.6897905759162304,0.3360969387755102,0.45197255574614065,0.644084869792204,0.00740120000045863,4.274421691894531,{},0.5,0.0,none
noise_injection,,2026,GNB,26048,6513,0.796714263780132,0.6961414790996785,0.27614795918367346,0.3954337899543379,0.6189637672561441,0.008128800000122283,3.6864852905273438,{},0.5,0.0,none
noise_injection,,13,LR-Newton,26048,6513,0.7839705204974666,0.6263736263736264,0.2544642857142857,0.3619047619047619,0.6031674310270114,0.051864900000509806,8.614654541015625,"{""n_iterations"": 25, ""tol"": 1e-06}",1.0,0.0,none
noise_injection,,13,L2-LR,26048,6513,0.7836634423460771,0.6232558139534884,0.25637755102040816,0.36330772706732944,0.6036185025071708,0.5683141000008618,4.454456329345703,"{""learning_rate"": 0.1, ""n_iterations"": 220, ""reg_type"": ""l2"", ""reg_lambda"": 5.0, ""class_weight"": null}",1.0,0.0,none
noise_injection,,13,LDA,26048,6513,0.7828957469676032,0.6360424028268551,0.22959183673469388,0.3373945641986879,0.5939667980437878,0.007952399999339832,4.274421691894531,{},1.0,0.0,none
noise_injection,,13,GNB,26048,6513,0.7736834024259174,0.5691176470588235,0.24681122448979592,0.34430604982206403,0.5937797275128454,0.007837199998903088,3.6864852905273438,{},1.0,0.0,none
noise_injection,,42,LR-Newton,26048,6513,0.7861200675571933,0.6391096979332274,0.25637755102040816,0.36595357305416476,0.6052362982604569,0.07182870000178809,8.614654541015625,"{""n_iterations"": 25, ""tol"": 1e-06}",1.0,0.0,none
noise_injection,,42,L2-LR,26048,6513,0.7859665284814985,0.6376582278481012,0.257015306122449,0.3663636363636364,0.6053529513423165,0.5679159999999683,4.454549789428711,"{""learning_rate"": 0.1, ""n_iterations"": 220, ""reg_type"": ""l2"", ""reg_lambda"": 5.0, ""class_weight"": null}",1.0,0.0,none
noise_injection,,42,LDA,26048,6513,0.7842775986488562,0.6397941680960549,0.2378826530612245,0.34681543468154347,0.5977077572687316,0.007744399998045992,4.274421691894531,{},1.0,0.0,none
noise_injection,,42,GNB,26048,6513,0.7813603562106556,0.6204013377926422,0.23660714285714285,0.3425669436749769,0.5953510941788243,0.007372000000032131,3.6864852905273438,{},1.0,0.0,none
noise_injection,,77,LR-Newton,26048,6513,0.7859665284814985,0.6359375,0.25956632653061223,0.3686594202898551,0.6062240126080766,0.062356000002182554,8.614654541015625,"{""n_iterations"": 25, ""tol"": 1e-06}",1.0,0.0,none
noise_injection,,77,L2-LR,26048,6513,0.7867342238599724,0.6374807987711214,0.26466836734693877,0.3740423614240649,0.6084716963124988,0.5556173999975726,4.454801559448242,"{""learning_rate"": 0.1, ""n_iterations"": 220, ""reg_type"": ""l2"", ""reg_lambda"": 5.0, ""class_weight"": null}",1.0,0.0,none
noise_injection,,77,LDA,26048,6513,0.7851988331030247,0.6439522998296422,0.24107142857142858,0.35081206496519723,0.5994032572584139,0.007080899998982204,4.274421691894531,{},1.0,0.0,none
noise_injection,,77,GNB,26048,6513,0.7833563641946876,0.6166419019316494,0.26466836734693877,0.37037037037037035,0.6062472271517303,0.007881599998654565,3.6864852905273438,{},1.0,0.0,none
noise_injection,,123,LR-Newton,26048,6513,0.7828957469676032,0.6210691823899371,0.25191326530612246,0.3584392014519056,0.6015885841191886,0.061308399999688845,8.614654541015625,"{""n_iterations"": 25, ""tol"": 1e-06}",1.0,0.0,none
noise_injection,,123,L2-LR,26048,6513,0.783049286043298,0.621283255086072,0.2531887755102041,0.3597643860444042,0.602125226986649,0.6600226999980805,4.453336715698242,"{""learning_rate"": 0.1, ""n_iterations"": 220, ""reg_type"": ""l2"", ""reg_lambda"": 5.0, ""class_weight"": null}",1.0,0.0,none
noise_injection,,123,LDA,26048,6513,0.7822815906648242,0.6288659793814433,0.23341836734693877,0.3404651162790698,0.5948689410041064,0.009198400002787821,4.275138854980469,{},1.0,0.0,none
noise_injection,,123,GNB,26048,6513,0.7815138952863504,0.6124031007751938,0.25191326530612246,0.3569814731134207,0.6006785740079652,0.01013760000205366,3.6864852905273438,{},1.0,0.0,none
noise_injection,,2026,LR-Newton,26048,6513,0.7879625364655305,0.6566164154103853,0.25,0.36212471131639723,0.6042719919110212,0.045003600000200095,8.614654541015625,"{""n_iterations"": 25, ""tol"": 1e-06}",1.0,0.0,none
noise_injection,,2026,L2-LR,26048,6513,0.7864271457085829,0.645320197044335,0.25063775510204084,0.36104731281580155,0.6034786348816574,0.6098510999981954,4.454555511474609,"{""learning_rate"": 0.1, ""n_iterations"": 220, ""reg_type"": ""l2"", ""reg_lambda"": 5.0, ""class_weight"": null}",1.0,0.0,none
noise_injection,,2026,LDA,26048,6513,0.786273606632888,0.6577060931899642,0.23405612244897958,0.34524929444967073,0.5977156244196364,0.007273300001543248,4.274421691894531,{},1.0,0.0,none
noise_injection,,2026,GNB,26048,6513,0.7848917549516352,0.6278713629402757,0.2614795918367347,0.36920306168392614,0.606169522915334,0.008673200001794612,3.6864852905273438,{},1.0,0.0,none
feature_corruption,,42,LR-Newton,26048,6513,0.8263473053892215,0.7278415015641293,0.4451530612244898,0.5524337158686189,0.6961862373867646,0.0,0.0,baseline_clean_reused,0.0,0.0,mean
feature_corruption,,42,L2-LR,26048,6513,0.8231229847996315,0.7290748898678414,0.4221938775510204,0.5347334410339257,0.6862233290687356,0.0,0.0,baseline_clean_reused,0.0,0.0,mean
feature_corruption,,42,LDA,26048,6513,0.8151389528635038,0.7141176470588235,0.38711734693877553,0.5020678246484698,0.6689884004663544,0.0,0.0,baseline_clean_reused,0.0,0.0,mean
feature_corruption,,42,GNB,26048,6513,0.7939505604176262,0.6605113636363636,0.2965561224489796,0.40933098591549294,0.6241122371597779,0.0,0.0,baseline_clean_reused,0.0,0.0,mean
feature_corruption,,42,LR-Newton,26048,6513,0.8263473053892215,0.7278415015641293,0.4451530612244898,0.5524337158686189,0.6961862373867646,0.0,0.0,baseline_clean_reused,0.0,0.0,median
feature_corruption,,42,L2-LR,26048,6513,0.8231229847996315,0.7290748898678414,0.4221938775510204,0.5347334410339257,0.6862233290687356,0.0,0.0,baseline_clean_reused,0.0,0.0,median
feature_corruption,,42,LDA,26048,6513,0.8151389528635038,0.7141176470588235,0.38711734693877553,0.5020678246484698,0.6689884004663544,0.0,0.0,baseline_clean_reused,0.0,0.0,median
feature_corruption,,42,GNB,26048,6513,0.7939505604176262,0.6605113636363636,0.2965561224489796,0.40933098591549294,0.6241122371597779,0.0,0.0,baseline_clean_reused,0.0,0.0,median
feature_corruption,,42,LR-Newton,26048,6513,0.8263473053892215,0.7278415015641293,0.4451530612244898,0.5524337158686189,0.6961862373867646,0.0,0.0,baseline_clean_reused,0.0,0.0,knn
feature_corruption,,42,L2-LR,26048,6513,0.8231229847996315,0.7290748898678414,0.4221938775510204,0.5347334410339257,0.6862233290687356,0.0,0.0,baseline_clean_reused,0.0,0.0,knn
feature_corruption,,42,LDA,26048,6513,0.8151389528635038,0.7141176470588235,0.38711734693877553,0.5020678246484698,0.6689884004663544,0.0,0.0,baseline_clean_reused,0.0,0.0,knn
feature_corruption,,42,GNB,26048,6513,0.7939505604176262,0.6605113636363636,0.2965561224489796,0.40933098591549294,0.6241122371597779,0.0,0.0,baseline_clean_reused,0.0,0.0,knn
feature_corruption,,13,LR-Newton,26048,6513,0.82081989866421,0.7260428410372041,0.4107142857142857,0.5246435845213849,0.6807868698541095,0.05438540000250214,8.6141357421875,"{""n_iterations"": 25, ""tol"": 1e-06}",0.0,0.1,mean
feature_corruption,,13,L2-LR,26048,6513,0.8179026562260096,0.7290167865707434,0.3877551020408163,0.5062447960033306,0.6710261860052413,0.5895235999996657,4.455074310302734,"{""learning_rate"": 0.1, ""n_iterations"": 220, ""reg_type"": ""l2"", ""reg_lambda"": 5.0, ""class_weight"": null}",0.0,0.1,mean
feature_corruption,,13,LDA,26048,6513,0.8086903116843237,0.7037974683544304,0.35459183673469385,0.4715860899067006,0.653635655475537,0.0072179999988293275,4.274421691894531,{},0.0,0.1,mean
feature_corruption,,13,GNB,26048,6513,0.7901120835252572,0.6502242152466368,0.2774234693877551,0.38891372373714794,0.6150514718020677,0.012612700000318,3.6864852905273438,{},0.0,0.1,mean
feature_corruption,,13,LR-Newton,26048,6513,0.8182097343773991,0.7186788154897494,0.4024234693877551,0.5159443990188062,0.6762370127525226,0.06844350000028498,8.614250183105469,"{""n_iterations"": 25, ""tol"": 1e-06}",0.0,0.1,median
feature_corruption,,13,L2-LR,26048,6513,0.8151389528635038,0.7214111922141119,0.3781887755102041,0.49623430962343096,0.665939686036194,0.5850109999992128,4.454608917236328,"{""learning_rate"": 0.1, ""n_iterations"": 220, ""reg_type"": ""l2"", ""reg_lambda"": 5.0, ""class_weight"": null}",0.0,0.1,median
feature_corruption,,13,LDA,26048,6513,0.8066943037002917,0.6993548387096774,0.34566326530612246,0.4626547161758429,0.6492724819958318,0.007443200000125216,4.274421691894531,{},0.0,0.1,median
feature_corruption,,13,GNB,26048,6513,0.7894979272224781,0.6463595839524517,0.2774234693877551,0.38821954484605087,0.6146470228637462,0.008810399998765206,3.6864852905273438,{},0.0,0.1,median
feature_corruption,,13,LR-Newton,26048,6513,0.8194380469829572,0.7149122807017544,0.41581632653061223,0.5258064516129032,0.6816189822744062,0.05110459999923478,8.612625122070312,"{""n_iterations"": 25, ""tol"": 1e-06}",0.0,0.1,knn
feature_corruption,,13,L2-LR,26048,6513,0.8183632734530938,0.7256740914419695,0.3947704081632653,0.5113589425857084,0.6737249411898227,0.5823273999994854,4.454397201538086,"{""learning_rate"": 0.1, ""n_iterations"": 220, ""reg_type"": ""l2"", ""reg_lambda"": 5.0, ""class_weight"": null}",0.0,0.1,knn
feature_corruption,,13,LDA,26048,6513,0.8100721633655765,0.7006060606060606,0.36862244897959184,0.48307563727538655,0.659336502548441,0.007312300000194227,4.274421691894531,{},0.0,0.1,knn
feature_corruption,,13,GNB,26048,6513,0.7902656226009519,0.6468023255813954,0.28380102040816324,0.3945035460992908,0.6173302372010483,0.010522199998376891,3.6864852905273438,{},0.0,0.1,knn
feature_corruption,,42,LR-Newton,26048,6513,0.8211269768155995,0.7187839305103149,0.4221938775510204,0.5319405383688228,0.6849088700191907,0.07846730000164825,8.614356994628906,"{""n_iterations"": 25, ""tol"": 1e-06}",0.0,0.1,mean
feature_corruption,,42,L2-LR,26048,6513,0.8180561953017043,0.7219003476245655,0.39732142857142855,0.5125462772521596,0.6743937779864221,0.6597335000005842,4.453336715698242,"{""learning_rate"": 0.1, ""n_iterations"": 220, ""reg_type"": ""l2"", ""reg_lambda"": 5.0, ""class_weight"": null}",0.0,0.1,mean
feature_corruption,,42,LDA,26048,6513,0.8082296944572394,0.698136645962733,0.35841836734693877,0.47366203118415506,0.654638910670436,0.00925210000059451,4.274421691894531,{},0.0,0.1,mean
feature_corruption,,42,GNB,26048,6513,0.7930293259634577,0.6632047477744807,0.2850765306122449,0.39875111507582517,0.6195857880563753,0.00983529999939492,3.6864852905273438,{},0.0,0.1,mean
feature_corruption,,42,LR-Newton,26048,6513,0.8203592814371258,0.716304347826087,0.42028061224489793,0.5297427652733119,0.6837500128969687,0.057948000001488253,8.614250183105469,"{""n_iterations"": 25, ""tol"": 1e-06}",0.0,0.1,median
feature_corruption,,42,L2-LR,26048,6513,0.8172884999232305,0.722877358490566,0.3909438775510204,0.5074503311258278,0.6717105636491199,0.6226505999984511,4.453962326049805,"{""learning_rate"": 0.1, ""n_iterations"": 220, ""reg_type"": ""l2"", ""reg_lambda"": 5.0, ""class_weight"": null}",0.0,0.1,median
feature_corruption,,42,LDA,26048,6513,0.8062336864732075,0.6917293233082706,0.3520408163265306,0.46661031276415893,0.6511467984564907,0.007821499999408843,4.274421691894531,{},0.0,0.1,median
feature_corruption,,42,GNB,26048,6513,0.7927222478120681,0.6612426035502958,0.2850765306122449,0.3983957219251337,0.6193835635872145,0.012000999999145279,3.6864852905273438,{},0.0,0.1,median
feature_corruption,,42,LR-Newton,26048,6513,0.820205742361431,0.7087276550998949,0.4298469387755102,0.5351329892814609,0.6869153804089887,0.06354599999758648,8.612625122070312,"{""n_iterations"": 25, ""tol"": 1e-06}",0.0,0.1,knn
feature_corruption,,42,L2-LR,26048,6513,0.8191309688315677,0.7215909090909091,0.4049744897959184,0.5187908496732027,0.6777147474257651,0.5482760000013513,4.45344352722168,"{""learning_rate"": 0.1, ""n_iterations"": 220, ""reg_type"": ""l2"", ""reg_lambda"": 5.0, ""class_weight"": null}",0.0,0.1,knn
feature_corruption,,42,LDA,26048,6513,0.8089973898357132,0.6951807228915663,0.367984693877551,0.48123436196830693,0.6584109515899383,0.0070092999994813,4.274421691894531,{},0.0,0.1,knn
feature_corruption,,42,GNB,26048,6513,0.7936434822662367,0.6613832853025937,0.2927295918367347,0.40583554376657827,0.6226034207919771,0.008214899997255998,3.6864852905273438,{},0.0,0.1,knn
feature_corruption,,77,LR-Newton,26048,6513,0.8238906801781053,0.738933030646992,0.41517857142857145,0.5316455696202531,0.6843334717607974,0.06417019999935292,8.614356994628906,"{""n_iterations"": 25, ""tol"": 1e-06}",0.0,0.1,mean
feature_corruption,,77,L2-LR,26048,6513,0.8197451251343467,0.7379227053140096,0.38966836734693877,0.510016694490818,0.6728928287695259,0.6416480999978376,4.454801559448242,"{""learning_rate"": 0.1, ""n_iterations"": 220, ""reg_type"": ""l2"", ""reg_lambda"": 5.0, ""class_weight"": null}",0.0,0.1,mean
feature_corruption,,77,LDA,26048,6513,0.8114540150468295,0.7202072538860104,0.35459183673469385,0.4752136752136752,0.6554556756979839,0.008166899999196175,4.274421691894531,{},0.0,0.1,mean
feature_corruption,,77,GNB,26048,6513,0.7933364041148472,0.668693009118541,0.28061224489795916,0.3953279424977538,0.6182636553104558,0.007879499997216044,3.6864852905273438,{},0.0,0.1,mean
feature_corruption,,77,LR-Newton,26048,6513,0.8237371411024106,0.7391799544419134,0.4139030612244898,0.5306623058053965,0.6837968288933369,0.0640962999968906,8.614891052246094,"{""n_iterations"": 25, ""tol"": 1e-06}",0.0,0.1,median
feature_corruption,,77,L2-LR,26048,6513,0.8195915860586519,0.7422934648581998,0.38392857142857145,0.5060949978982766,0.6708318286869854,0.9356516000007105,4.454456329345703,"{""learning_rate"": 0.1, ""n_iterations"": 220, ""reg_type"": ""l2"", ""reg_lambda"": 5.0, ""class_weight"": null}",0.0,0.1,median
feature_corruption,,77,LDA,26048,6513,0.810379241516966,0.716514954486346,0.3514030612244898,0.4715447154471545,0.6536590634737212,0.008763900001213187,4.274421691894531,{},0.0,0.1,median
feature_corruption,,77,GNB,26048,6513,0.7921080915092891,0.6606606606606606,0.28061224489795916,0.39391226499552373,0.6174547574338127,0.008099599999695783,3.6864852905273438,{},0.0,0.1,median
feature_corruption,,77,LR-Newton,26048,6513,0.8238906801781053,0.7290533188248096,0.4272959183673469,0.5388017691998391,0.6884710127731578,0.04856660000223201,8.612625122070312,"{""n_iterations"": 25, ""tol"": 1e-06}",0.0,0.1,knn
feature_corruption,,77,L2-LR,26048,6513,0.8205128205128205,0.7311703360370799,0.4024234693877551,0.5191279308926368,0.6777536962712284,0.6408401000007871,4.454456329345703,"{""learning_rate"": 0.1, ""n_iterations"": 220, ""reg_type"": ""l2"", ""reg_lambda"": 5.0, ""class_weight"": null}",0.0,0.1,knn
feature_corruption,,77,LDA,26048,6513,0.8129894058037771,0.7165841584158416,0.3692602040816326,0.48737373737373735,0.6614754003219083,0.006981900001846952,4.274421691894531,{},0.0,0.1,knn
feature_corruption,,77,GNB,26048,6513,0.7933364041148472,0.6646884272997032,0.2857142857142857,0.39964317573595004,0.6200057778419761,0.008058200000959914,3.6864852905273438,{},0.0,0.1,knn
feature_corruption,,123,LR-Newton,26048,6513,0.820205742361431,0.7263397947548461,0.40625,0.5210633946830265,0.6788580637007078,0.05822270000135177,8.614356994628906,"{""n_iterations"": 25, ""tol"": 1e-06}",0.0,0.1,mean
feature_corruption,,123,L2-LR,26048,6513,0.8192845079072624,0.7369696969696969,0.3877551020408163,0.5081487672377768,0.6719361961164647,0.6121712999993179,4.45395565032959,"{""learning_rate"": 0.1, ""n_iterations"": 220, ""reg_type"": ""l2"", ""reg_lambda"": 5.0, ""class_weight"": null}",0.0,0.1,mean
feature_corruption,,123,LDA,26048,6513,0.8091509289114079,0.7102199223803364,0.35012755102040816,0.46903032891926527,0.6524146349641979,0.007242399999086047,4.274421691894531,{},0.0,0.1,mean
feature_corruption,,123,GNB,26048,6513,0.7936434822662367,0.6696969696969697,0.28188775510204084,0.39676840215439857,0.6189014104124967,0.008010100002138643,3.6864852905273438,{},0.0,0.1,mean
feature_corruption,,123,LR-Newton,26048,6513,0.8203592814371258,0.7256235827664399,0.40816326530612246,0.5224489795918368,0.6796124718846083,0.05475569999907748,8.614250183105469,"{""n_iterations"": 25, ""tol"": 1e-06}",0.0,0.1,median
feature_corruption,,123,L2-LR,26048,6513,0.8172884999232305,0.727710843373494,0.3852040816326531,0.5037531276063386,0.6697506758011598,0.638449899997795,4.454860687255859,"{""learning_rate"": 0.1, ""n_iterations"": 220, ""reg_type"": ""l2"", ""reg_lambda"": 5.0, ""class_weight"": null}",0.0,0.1,median
feature_corruption,,123,LDA,26048,6513,0.8094580070627975,0.7131681877444589,0.34885204081632654,0.4685224839400428,0.6521813288004787,0.0070234999984677415,4.274421691894531,{},0.0,0.1,median
feature_corruption,,123,GNB,26048,6513,0.7930293259634577,0.6646706586826348,0.28316326530612246,0.39713774597495527,0.6189324921070551,0.007893000001786277,3.6864852905273438,{},0.0,0.1,median
feature_corruption,,123,LR-Newton,26048,6513,0.8214340549669891,0.7277840269966255,0.41262755102040816,0.5266585266585266,0.6818446147417512,0.04548090000025695,8.612625122070312,"{""n_iterations"": 25, ""tol"": 1e-06}",0.0,0.1,knn
feature_corruption,,123,L2-LR,26048,6513,0.820205742361431,0.7354685646500593,0.39540816326530615,0.5143094151804231,0.6751560533212274,0.5056088999990607,4.454868316650391,"{""learning_rate"": 0.1, ""n_iterations"": 220, ""reg_type"": ""l2"", ""reg_lambda"": 5.0, ""class_weight"": null}",0.0,0.1,knn
feature_corruption,,123,LDA,26048,6513,0.809765085214187,0.7058823529411765,0.3596938775510204,0.47655259822560203,0.6560855636491199,0.007073599997966085,4.274421691894531,{},0.0,0.1,knn
feature_corruption,,123,GNB,26048,6513,0.7942576385690158,0.6732522796352584,0.2825255102040816,0.39802336028751123,0.6195236246672582,0.007812299998477101,3.6864852905273438,{},0.0,0.1,knn
feature_corruption,,2026,LR-Newton,26048,6513,0.8223552894211577,0.7260726072607261,0.42091836734693877,0.5329027048849415,0.6852822372629537,0.05793499999708729,8.614356994628906,"{""n_iterations"": 25, ""tol"": 1e-06}",0.0,0.1,mean
feature_corruption,,2026,L2-LR,26048,6513,0.8223552894211577,0.7397899649941657,0.40433673469387754,0.5228865979381443,0.6796203390355131,0.5770045999997819,4.454608917236328,"{""learning_rate"": 0.1, ""n_iterations"": 220, ""reg_type"": ""l2"", ""reg_lambda"": 5.0, ""class_weight"": null}",0.0,0.1,mean
feature_corruption,,2026,LDA,26048,6513,0.8134500230308613,0.7181705809641533,0.3705357142857143,0.48885149347917545,0.6622142676585295,0.007293300001038006,4.274421691894531,{},0.0,0.1,mean
feature_corruption,,2026,GNB,26048,6513,0.7924151696606786,0.6626506024096386,0.28061224489795916,0.3942652329749104,0.6176569819029735,0.007809700000507291,3.6864852905273438,{},0.0,0.1,mean
feature_corruption,,2026,LR-Newton,26048,6513,0.8218946721940734,0.7281879194630873,0.41517857142857145,0.528838342810723,0.6830190127112523,0.06103900000016438,8.614250183105469,"{""n_iterations"": 25, ""tol"": 1e-06}",0.0,0.1,median
feature_corruption,,2026,L2-LR,26048,6513,0.8198986642100414,0.7348394768133175,0.39413265306122447,0.5130759651307597,0.6745182982191866,0.5591077999997651,4.454685211181641,"{""learning_rate"": 0.1, ""n_iterations"": 220, ""reg_type"": ""l2"", ""reg_lambda"": 5.0, ""class_weight"": null}",0.0,0.1,median
feature_corruption,,2026,LDA,26048,6513,0.811761093198219,0.7153652392947103,0.3622448979591837,0.4809483488569009,0.658271083964425,0.007221399999252753,4.274421691894531,{},0.0,0.1,median
feature_corruption,,2026,GNB,26048,6513,0.7918010133578995,0.6582089552238806,0.28125,0.3941018766756032,0.617470298281092,0.0076681999998982064,3.6864852905273438,{},0.0,0.1,median
feature_corruption,,2026,LR-Newton,26048,6513,0.8226623675725472,0.7266739846322722,0.4221938775510204,0.5340863251311012,0.6859199923649946,0.04719049999766867,8.612625122070312,"{""n_iterations"": 25, ""tol"": 1e-06}",0.0,0.1,knn
feature_corruption,,2026,L2-LR,26048,6513,0.8200522032857362,0.7286374133949192,0.4024234693877551,0.5184880854560394,0.6774503595674872,0.5292191000007733,4.455760955810547,"{""learning_rate"": 0.1, ""n_iterations"": 220, ""reg_type"": ""l2"", ""reg_lambda"": 5.0, ""class_weight"": null}",0.0,0.1,knn
feature_corruption,,2026,LDA,26048,6513,0.8139106402579457,0.7170731707317073,0.375,0.49246231155778897,0.6640419615773508,0.006432899997889763,4.274421691894531,{},0.0,0.1,knn
feature_corruption,,2026,GNB,26048,6513,0.7941040994933211,0.6732824427480916,0.28125,0.3967611336032389,0.6189869817997977,0.008039099997404264,3.6864852905273438,{},0.0,0.1,knn
feature_corruption,,13,LR-Newton,26048,6513,0.8186703516044833,0.7368421052631579,0.38392857142857145,0.5048218029350104,0.6702251552795031,0.06087480000132928,8.614356994628906,"{""n_iterations"": 25, ""tol"": 1e-06}",0.0,0.2,mean
feature_corruption,,13,L2-LR,26048,6513,0.814985413787809,0.7354085603112841,0.36160714285714285,0.4848225737494656,0.660176675574173,0.6241436000018439,4.453336715698242,"{""learning_rate"": 0.1, ""n_iterations"": 220, ""reg_type"": ""l2"", ""reg_lambda"": 5.0, ""class_weight"": null}",0.0,0.2,mean
feature_corruption,,13,LDA,26048,6513,0.8053124520190389,0.7089136490250696,0.32461734693877553,0.4453193350831146,0.6411762164420874,0.007422099999530474,4.274421691894531,{},0.0,0.2,mean
feature_corruption,,13,GNB,26048,6513,0.7888837709196991,0.6548956661316212,0.2602040816326531,0.37243267914194433,0.608362910381544,0.008163799997419119,3.6864852905273438,{},0.0,0.2,mean
feature_corruption,,13,LR-Newton,26048,6513,0.8157531091662829,0.7277227722772277,0.375,0.494949494949495,0.6652553083923154,0.07036209999932908,8.614250183105469,"{""n_iterations"": 25, ""tol"": 1e-06}",0.0,0.2,median
feature_corruption,,13,L2-LR,26048,6513,0.8129894058037771,0.7296587926509186,0.35459183673469385,0.47725321888412015,0.6564667980437877,0.6198014999972656,4.454883575439453,"{""learning_rate"": 0.1, ""n_iterations"": 220, ""reg_type"": ""l2"", ""reg_lambda"": 5.0, ""class_weight"": null}",0.0,0.2,median
feature_corruption,,13,LDA,26048,6513,0.803930600337786,0.7040673211781207,0.3201530612244898,0.44015782551512495,0.6387418491157838,0.007804799999576062,4.274421691894531,{},0.0,0.2,median
feature_corruption,,13,GNB,26048,6513,0.787655458314141,0.6438569206842923,0.26403061224489793,0.37449118046132973,0.608860604403541,0.007824000000255182,3.6864852905273438,{},0.0,0.2,median
feature_corruption,,13,LR-Newton,26048,6513,0.8186703516044833,0.7322929171668667,0.38903061224489793,0.5081216159933362,0.6719672778110233,0.04557519999798387,8.612625122070312,"{""n_iterations"": 25, ""tol"": 1e-06}",0.0,0.2,knn
feature_corruption,,13,L2-LR,26048,6513,0.8163672654690619,0.7366412213740458,0.3692602040816326,0.491928632115548,0.6636998694826768,0.495472399998107,4.454685211181641,"{""learning_rate"": 0.1, ""n_iterations"": 220, ""reg_type"": ""l2"", ""reg_lambda"": 5.0, ""class_weight"": null}",0.0,0.2,knn
feature_corruption,,13,LDA,26048,6513,0.8093044679871028,0.7161803713527851,0.34438775510204084,0.46511627906976744,0.6505558593508182,0.006781099997169804,4.274421691894531,{},0.0,0.2,knn
feature_corruption,,13,GNB,26048,6513,0.7905727007523414,0.6588785046728972,0.2697704081632653,0.38280542986425337,0.6127416247085286,0.008172400001058122,3.6864852905273438,{},0.0,0.2,knn
feature_corruption,,42,LR-Newton,26048,6513,0.8163672654690619,0.7157772621809745,0.3934948979591837,0.5078189300411523,0.6719749515073977,0.06125100000281236,8.614356994628906,"{""n_iterations"": 25, ""tol"": 1e-06}",0.0,0.2,mean
feature_corruption,,42,L2-LR,26048,6513,0.811761093198219,0.7181122448979592,0.3590561224489796,0.47874149659863946,0.6571822573822249,0.559092800001963,4.454608917236328,"{""learning_rate"": 0.1, ""n_iterations"": 220, ""reg_type"": ""l2"", ""reg_lambda"": 5.0, ""class_weight"": null}",0.0,0.2,mean
feature_corruption,,42,LDA,26048,6513,0.8027022877322278,0.6919945725915875,0.3252551020408163,0.44251626898047725,0.6396750737706609,0.007431000001815846,4.274421691894531,{},0.0,0.2,mean
feature_corruption,,42,GNB,26048,6513,0.7937970213419315,0.6811594202898551,0.2697704081632653,0.3864778437642759,0.6148649816347166,0.007907899998826906,3.6864852905273438,{},0.0,0.2,mean
feature_corruption,,42,LR-Newton,26048,6513,0.8140641793336404,0.7102473498233216,0.38456632653061223,0.49896565990897807,0.6674095535585316,0.07060310000088066,8.614250183105469,"{""n_iterations"": 25, ""tol"": 1e-06}",0.0,0.2,median
feature_corruption,,42,L2-LR,26048,6513,0.810379241516966,0.7148387096774194,0.35331632653061223,0.4728979940247546,0.6543123594230412,0.571476299999631,4.454608917236328,"{""learning_rate"": 0.1, ""n_iterations"": 220, ""reg_type"": ""l2"", ""reg_lambda"": 5.0, ""class_weight"": null}",0.0,0.2,median
feature_corruption,,42,LDA,26048,6513,0.8019345923537541,0.6904109589041096,0.32142857142857145,0.4386422976501306,0.6378629206991189,0.007276300002558855,4.274421691894531,{},0.0,0.2,median
feature_corruption,,42,GNB,26048,6513,0.7924151696606786,0.6703470031545742,0.2710459183673469,0.3860127157129882,0.6143905021563731,0.007879600001615472,3.6864852905273438,{},0.0,0.2,median
feature_corruption,,42,LR-Newton,26048,6513,0.8174420389989252,0.713641488162345,0.40369897959183676,0.5156822810590631,0.6761669822125007,0.0404579999994894,8.612579345703125,"{""n_iterations"": 25, ""tol"": 1e-06}",0.0,0.2,knn
feature_corruption,,42,L2-LR,26048,6513,0.8116075541225242,0.7066666666666667,0.3718112244897959,0.48725449226911827,0.661436451476445,0.5397282999983872,4.454807281494141,"{""learning_rate"": 0.1, ""n_iterations"": 220, ""reg_type"": ""l2"", ""reg_lambda"": 5.0, ""class_weight"": null}",0.0,0.2,knn
feature_corruption,,42,LDA,26048,6513,0.8057730692461231,0.6944801026957638,0.3450255102040816,0.4610140605027695,0.6484480432719094,0.00671890000012354,4.274421691894531,{},0.0,0.2,knn
feature_corruption,,42,GNB,26048,6513,0.7959465684016582,0.6918138041733547,0.27487244897959184,0.3934276586033775,0.6180226754503622,0.00768679999964661,3.6864852905273438,{},0.0,0.2,knn
feature_corruption,,77,LR-Newton,26048,6513,0.8197451251343467,0.7367788461538461,0.3909438775510204,0.5108333333333334,0.6733283594024061,0.06012709999777144,8.614356994628906,"{""n_iterations"": 25, ""tol"": 1e-06}",0.0,0.2,mean
feature_corruption,,77,L2-LR,26048,6513,0.8145247965607247,0.734375,0.3596938775510204,0.4828767123287671,0.6592200429211118,0.5606465000018943,4.454608917236328,"{""learning_rate"": 0.1, ""n_iterations"": 220, ""reg_type"": ""l2"", ""reg_lambda"": 5.0, ""class_weight"": null}",0.0,0.2,mean
feature_corruption,,77,LDA,26048,6513,0.8066943037002917,0.7166900420757363,0.32589285714285715,0.4480491012713722,0.642521757186191,0.007809499998984393,4.274421691894531,{},0.0,0.2,mean
feature_corruption,,77,GNB,26048,6513,0.7910333179794258,0.6688417618270799,0.2614795918367347,0.3759743237047226,0.6102140122985493,0.00744470000063302,3.6864852905273438,{},0.0,0.2,mean
feature_corruption,,77,LR-Newton,26048,6513,0.8198986642100414,0.7429274292742928,0.3852040816326531,0.5073498530029399,0.6714695837890262,0.05776540000078967,8.614250183105469,"{""n_iterations"": 25, ""tol"": 1e-06}",0.0,0.2,median
feature_corruption,,77,L2-LR,26048,6513,0.814985413787809,0.7410358565737052,0.35586734693877553,0.4808272296423955,0.6582167877262128,0.5893230000001495,4.454456329345703,"{""learning_rate"": 0.1, ""n_iterations"": 220, ""reg_type"": ""l2"", ""reg_lambda"": 5.0, ""class_weight"": null}",0.0,0.2,median
feature_corruption,,77,LDA,26048,6513,0.8076155381544603,0.7215189873417721,0.32716836734693877,0.4501974550241334,0.6435639612265533,0.007010599998466205,4.274421691894531,{},0.0,0.2,median
feature_corruption,,77,GNB,26048,6513,0.7899585444495624,0.6612903225806451,0.2614795918367347,0.37477148080438755,0.6095062266564867,0.007848199998989003,3.6864852905273438,{},0.0,0.2,median
feature_corruption,,77,LR-Newton,26048,6513,0.8160601873176724,0.7131336405529954,0.3947704081632653,0.5082101806239737,0.672208257671117,0.0480000999996264,8.612625122070312,"{""n_iterations"": 25, ""tol"": 1e-06}",0.0,0.2,knn
feature_corruption,,77,L2-LR,26048,6513,0.8111469368954399,0.7046004842615012,0.3711734693877551,0.48621553884711777,0.6609153494562638,0.49217809999754536,4.454860687255859,"{""learning_rate"": 0.1, ""n_iterations"": 220, ""reg_type"": ""l2"", ""reg_lambda"": 5.0, ""class_weight"": null}",0.0,0.2,knn
feature_corruption,,77,LDA,26048,6513,0.8051589129433441,0.6924066924066924,0.34311224489795916,0.45884861407249466,0.6473902983842678,0.007786300000589108,4.274421691894531,{},0.0,0.2,knn
feature_corruption,,77,GNB,26048,6513,0.7916474742822048,0.6651017214397497,0.2710459183673469,0.3851381966470322,0.6138849409834712,0.0078051999989838805,3.6864852905273438,{},0.0,0.2,knn
feature_corruption,,123,LR-Newton,26048,6513,0.8165208045447566,0.7212336892052195,0.3877551020408163,0.5043550394027374,0.6701161758940178,0.060974299998633796,8.614356994628906,"{""n_iterations"": 25, ""tol"": 1e-06}",0.0,0.2,mean
feature_corruption,,123,L2-LR,26048,6513,0.8114540150468295,0.7202072538860104,0.35459183673469385,0.4752136752136752,0.6554556756979839,0.5909625000022061,4.453962326049805,"{""learning_rate"": 0.1, ""n_iterations"": 220, ""reg_type"": ""l2"", ""reg_lambda"": 5.0, ""class_weight"": null}",0.0,0.2,mean
feature_corruption,,123,LDA,26048,6513,0.8027022877322278,0.6968011126564673,0.319515306122449,0.4381285526891124,0.6377151859227007,0.007525799999712035,4.274421691894531,{},0.0,0.2,mean
feature_corruption,,123,GNB,26048,6513,0.7937970213419315,0.6859504132231405,0.26466836734693877,0.38196042337781866,0.6131228591031963,0.007550900001660921,3.6864852905273438,{},0.0,0.2,mean
feature_corruption,,123,LR-Newton,26048,6513,0.8157531091662829,0.7233009708737864,0.38010204081632654,0.4983277591973244,0.6669974309238357,0.06547399999908521,8.614250183105469,"{""n_iterations"": 25, ""tol"": 1e-06}",0.0,0.2,median
feature_corruption,,123,L2-LR,26048,6513,0.8108398587440504,0.7204724409448819,0.35012755102040816,0.47124463519313303,0.6535268695445822,0.5774904000027163,4.455074310302734,"{""learning_rate"": 0.1, ""n_iterations"": 220, ""reg_type"": ""l2"", ""reg_lambda"": 5.0, ""class_weight"": null}",0.0,0.2,median
feature_corruption,,123,LDA,26048,6513,0.8017810532780593,0.695898161244696,0.3137755102040816,0.43252747252747253,0.6351486246672582,0.007337000002735294,4.274421691894531,{},0.0,0.2,median
feature_corruption,,123,GNB,26048,6513,0.7919545524335944,0.6714975845410628,0.2659438775510204,0.38099588853357697,0.6123450429211118,0.007825400000001537,3.6864852905273438,{},0.0,0.2,median
feature_corruption,,123,LR-Newton,26048,6513,0.8148318747121143,0.711943793911007,0.3877551020408163,0.5020644095788604,0.6690039413136336,0.04694999999992433,8.612625122070312,"{""n_iterations"": 25, ""tol"": 1e-06}",0.0,0.2,knn
feature_corruption,,123,L2-LR,26048,6513,0.810379241516966,0.7068322981366459,0.36288265306122447,0.47956173619890435,0.6575788391696415,0.49814790000164066,4.454808235168457,"{""learning_rate"": 0.1, ""n_iterations"": 220, ""reg_type"": ""l2"", ""reg_lambda"": 5.0, ""class_weight"": null}",0.0,0.2,knn
feature_corruption,,123,LDA,26048,6513,0.8043912175648703,0.696524064171123,0.3322704081632653,0.44991364421416236,0.6431827268318855,0.006795299999794224,4.274421691894531,{},0.0,0.2,knn
feature_corruption,,123,GNB,26048,6513,0.7950253339474896,0.6846275752773375,0.2755102040816326,0.39290586630286495,0.6176337673593199,0.007893700003478443,3.6864852905273438,{},0.0,0.2,knn
feature_corruption,,2026,LR-Newton,26048,6513,0.8139106402579457,0.7060185185185185,0.38903061224489793,0.5016447368421053,0.6688327985390313,0.058777599999302765,8.614356994628906,"{""n_iterations"": 25, ""tol"": 1e-06}",0.0,0.2,mean
feature_corruption,,2026,L2-LR,26048,6513,0.8137571011822509,0.7204968944099379,0.36989795918367346,0.4888327012220818,0.6621987268112502,0.5446039000016754,4.453238487243652,"{""learning_rate"": 0.1, ""n_iterations"": 220, ""reg_type"": ""l2"", ""reg_lambda"": 5.0, ""class_weight"": null}",0.0,0.2,mean
feature_corruption,,2026,LDA,26048,6513,0.8066943037002917,0.7068273092369478,0.336734693877551,0.45615550755939527,0.6462237675656713,0.0070067999986349605,4.274421691894531,{},0.0,0.2,mean
feature_corruption,,2026,GNB,26048,6513,0.7894979272224781,0.6601626016260163,0.25892857142857145,0.3719651855245076,0.6083318286869854,0.007738000000244938,3.6864852905273438,{},0.0,0.2,mean
feature_corruption,,2026,LR-Newton,26048,6513,0.8165208045447566,0.7191539365452408,0.3903061224489796,0.5059942124844977,0.6709872371597779,0.0555251000005228,8.614250183105469,"{""n_iterations"": 25, ""tol"": 1e-06}",0.0,0.2,median
feature_corruption,,2026,L2-LR,26048,6513,0.814985413787809,0.7318007662835249,0.36543367346938777,0.4874521480221182,0.6614832674728132,0.6345351000018127,4.454555511474609,"{""learning_rate"": 0.1, ""n_iterations"": 220, ""reg_type"": ""l2"", ""reg_lambda"": 5.0, ""class_weight"": null}",0.0,0.2,median
feature_corruption,,2026,LDA,26048,6513,0.8068478427759865,0.7105978260869565,0.3335459183673469,0.4539930555555556,0.6452360532180517,0.008225400000810623,4.274421691894531,{},0.0,0.2,median
feature_corruption,,2026,GNB,26048,6513,0.7878089973898357,0.6471518987341772,0.26084183673469385,0.3718181818181818,0.6078728900559213,0.007641799998964416,3.6864852905273438,{},0.0,0.2,median
feature_corruption,,2026,LR-Newton,26048,6513,0.8162137263933671,0.7110352673492605,0.3985969387755102,0.5108295872496935,0.6736159618043375,0.046716699998796685,8.612625122070312,"{""n_iterations"": 25, ""tol"": 1e-06}",0.0,0.2,knn
feature_corruption,,2026,L2-LR,26048,6513,0.8166743436204514,0.7231503579952268,0.3864795918367347,0.5037406483790524,0.6697817574957182,0.5022819999976491,4.455013275146484,"{""learning_rate"": 0.1, ""n_iterations"": 220, ""reg_type"": ""l2"", ""reg_lambda"": 5.0, ""class_weight"": null}",0.0,0.2,knn
feature_corruption,,2026,LDA,26048,6513,0.8086903116843237,0.7069408740359897,0.350765306122449,0.46888320545609546,0.6523290635768969,0.0068159999973431695,4.274421691894531,{},0.0,0.2,knn
feature_corruption,,2026,GNB,26048,6513,0.7911868570551205,0.6661341853035144,0.2659438775510204,0.38012762078395623,0.6118394817482099,0.007749799999146489,3.6864852905273438,{},0.0,0.2,knn
feature_corruption,,13,LR-Newton,26048,6513,0.8131429448794718,0.7218710493046776,0.36415816326530615,0.4841034336583298,0.6598343900249686,0.057853000002069166,8.614356994628906,"{""n_iterations"": 25, ""tol"": 1e-06}",0.0,0.3,mean
feature_corruption,,13,L2-LR,26048,6513,0.8086903116843237,0.721763085399449,0.33418367346938777,0.45684394071490847,0.6466671653494562,0.6661342999977933,4.453336715698242,"{""learning_rate"": 0.1, ""n_iterations"": 220, ""reg_type"": ""l2"", ""reg_lambda"": 5.0, ""class_weight"": null}",0.0,0.3,mean
feature_corruption,,13,LDA,26048,6513,0.799324428066943,0.697428139183056,0.2940051020408163,0.4136384028712427,0.6267801041043313,0.007102899999154033,4.274421691894531,{},0.0,0.3,mean
feature_corruption,,13,GNB,26048,6513,0.7870413020113619,0.6607460035523979,0.2372448979591837,0.34913186297512905,0.5993100121747384,0.008148100001562852,3.6864852905273438,{},0.0,0.3,mean
feature_corruption,,13,LR-Newton,26048,6513,0.8093044679871028,0.711139896373057,0.35012755102040816,0.46923076923076923,0.6525157471987784,0.05629939999926137,8.614250183105469,"{""n_iterations"": 25, ""tol"": 1e-06}",0.0,0.3,median
feature_corruption,,13,L2-LR,26048,6513,0.8070013818516812,0.7237410071942446,0.3207908163265306,0.4445426425099426,0.6409818591238315,0.5851914000013494,4.454921722412109,"{""learning_rate"": 0.1, ""n_iterations"": 220, ""reg_type"": ""l2"", ""reg_lambda"": 5.0, ""class_weight"": null}",0.0,0.3,median
feature_corruption,,13,LDA,26048,6513,0.7997850452940273,0.7043343653250774,0.29017857142857145,0.4110207768744354,0.6257768489094323,0.007244899999932386,4.274421691894531,{},0.0,0.3,median
feature_corruption,,13,GNB,26048,6513,0.7851988331030247,0.6420168067226891,0.24362244897959184,0.35321312991215903,0.6002743185241741,0.0077044999998179264,3.6864852905273438,{},0.0,0.3,median
feature_corruption,,13,LR-Newton,26048,6513,0.8140641793336404,0.723404255319149,0.36862244897959184,0.4883819180397127,0.6619654206475309,0.04108329999871785,8.612579345703125,"{""n_iterations"": 25, ""tol"": 1e-06}",0.0,0.3,knn
feature_corruption,,13,L2-LR,26048,6513,0.8119146322739137,0.7271523178807947,0.35012755102040816,0.47266465777012484,0.6542346551866449,0.4907216999999946,4.454456329345703,"{""learning_rate"": 0.1, ""n_iterations"": 220, ""reg_type"": ""l2"", ""reg_lambda"": 5.0, ""class_weight"": null}",0.0,0.3,knn
feature_corruption,,13,LDA,26048,6513,0.8053124520190389,0.711864406779661,0.32142857142857145,0.4428822495606327,0.6400873898598873,0.0070923999992373865,4.274421691894531,{},0.0,0.3,knn
feature_corruption,,13,GNB,26048,6513,0.7899585444495624,0.6724137931034483,0.24872448979591838,0.36312849162011174,0.6051509203276861,0.007936399997561239,3.6864852905273438,{},0.0,0.3,knn
feature_corruption,,42,LR-Newton,26048,6513,0.8099186242898818,0.7032019704433498,0.36415816326530615,0.47983193277310926,0.6577110330987805,0.06218549999903189,8.614356994628906,"{""n_iterations"": 25, ""tol"": 1e-06}",0.0,0.3,mean
feature_corruption,,42,L2-LR,26048,6513,0.805926608321818,0.709366391184573,0.3284438775510204,0.4489973844812554,0.6428872572790492,0.5551187999990361,4.453336715698242,"{""learning_rate"": 0.1, ""n_iterations"": 220, ""reg_type"": ""l2"", ""reg_lambda"": 5.0, ""class_weight"": null}",0.0,0.3,mean
feature_corruption,,42,LDA,26048,6513,0.7980961154613849,0.6931297709923664,0.2895408163265306,0.40845704003598743,0.624446849012608,0.00820219999877736,4.274421691894531,{},0.0,0.3,mean
feature_corruption,,42,GNB,26048,6513,0.7919545524335944,0.6845753899480069,0.25191326530612246,0.3682983682983683,0.6075542059594313,0.00847040000007837,3.6864852905273438,{},0.0,0.3,mean
feature_corruption,,42,LR-Newton,26048,6513,0.8073084600030708,0.6998722860791826,0.3494897959183674,0.46618460229689496,0.6509835228327934,0.05633800000214251,8.614250183105469,"{""n_iterations"": 25, ""tol"": 1e-06}",0.0,0.3,median
feature_corruption,,42,L2-LR,26048,6513,0.8036235221863964,0.7020979020979021,0.3201530612244898,0.439772229522558,0.6385396246466231,0.7219211000010546,4.454860687255859,"{""learning_rate"": 0.1, ""n_iterations"": 220, ""reg_type"": ""l2"", ""reg_lambda"": 5.0, ""class_weight"": null}",0.0,0.3,median
feature_corruption,,42,LDA,26048,6513,0.7980961154613849,0.6931297709923664,0.2895408163265306,0.40845704003598743,0.624446849012608,0.0070201000016822945,4.274421691894531,{},0.0,0.3,median
feature_corruption,,42,GNB,26048,6513,0.7905727007523414,0.6717171717171717,0.2544642857142857,0.3691026827012026,0.6075152571139679,0.007767799997964175,3.6864852905273438,{},0.0,0.3,median
feature_corruption,,42,LR-Newton,26048,6513,0.8094580070627975,0.7006134969325153,0.36415816326530615,0.47922786403692824,0.6574076963950393,0.04064450000078068,8.612579345703125,"{""n_iterations"": 25, ""tol"": 1e-06}",0.0,0.3,knn
feature_corruption,,42,L2-LR,26048,6513,0.8062336864732075,0.7002617801047121,0.34119897959183676,0.4588336192109777,0.6474447880770104,0.5158172000010381,4.454860687255859,"{""learning_rate"": 0.1, ""n_iterations"": 220, ""reg_type"": ""l2"", ""reg_lambda"": 5.0, ""class_weight"": null}",0.0,0.3,knn
feature_corruption,,42,LDA,26048,6513,0.8016275142023646,0.6927374301675978,0.3163265306122449,0.4343257443082312,0.6359185736984379,0.006792500000301516,4.274421691894531,{},0.0,0.3,knn
feature_corruption,,42,GNB,26048,6513,0.7916474742822048,0.6779089376053963,0.25637755102040816,0.37204997686256364,0.6088763387053506,0.00739880000037374,3.6864852905273438,{},0.0,0.3,knn
feature_corruption,,77,LR-Newton,26048,6513,0.8116075541225242,0.7160963244613435,0.36033163265306123,0.4794229953330505,0.6575166757805245,0.05871439999827999,8.614227294921875,"{""n_iterations"": 25, ""tol"": 1e-06}",0.0,0.3,mean
feature_corruption,,77,L2-LR,26048,6513,0.8073084600030708,0.7213578500707214,0.3252551020408163,0.44835164835164837,0.6427084408080725,0.5483907000016188,4.453290939331055,"{""learning_rate"": 0.1, ""n_iterations"": 220, ""reg_type"": ""l2"", ""reg_lambda"": 5.0, ""class_weight"": null}",0.0,0.3,mean
feature_corruption,,77,LDA,26048,6513,0.8003992015968064,0.7048929663608563,0.2940051020408163,0.41494149414941495,0.627487889746394,0.0069044999981997535,4.274421691894531,{},0.0,0.3,mean
feature_corruption,,77,GNB,26048,6513,0.7890373099953938,0.677007299270073,0.23660714285714285,0.3506616257088847,0.6004067059078434,0.007515900000726106,3.6864852905273438,{},0.0,0.3,mean
feature_corruption,,77,LR-Newton,26048,6513,0.8128358667280823,0.7269180754226268,0.3565051020408163,0.47839109970047067,0.6570189817585275,0.0771558999986155,8.614250183105469,"{""n_iterations"": 25, ""tol"": 1e-06}",0.0,0.3,median
feature_corruption,,77,L2-LR,26048,6513,0.8079226163058498,0.7267525035765379,0.3239795918367347,0.4481693868548743,0.642677359113514,0.5870075999991968,4.454808235168457,"{""learning_rate"": 0.1, ""n_iterations"": 220, ""reg_type"": ""l2"", ""reg_lambda"": 5.0, ""class_weight"": null}",0.0,0.3,median
feature_corruption,,77,LDA,26048,6513,0.8008598188238907,0.7094281298299846,0.2927295918367347,0.4144469525959368,0.6273556958172551,0.007340899999690009,4.274421691894531,{},0.0,0.3,median
feature_corruption,,77,GNB,26048,6513,0.7875019192384461,0.6619718309859155,0.23979591836734693,0.352059925093633,0.6004844101442397,0.0077264999999897555,3.6864852905273438,{},0.0,0.3,median
feature_corruption,,77,LR-Newton,26048,6513,0.8116075541225242,0.7107540173053152,0.3667091836734694,0.4838031131678586,0.6596943289449249,0.04155269999682787,8.612579345703125,"{""n_iterations"": 25, ""tol"": 1e-06}",0.0,0.3,knn
feature_corruption,,77,L2-LR,26048,6513,0.8057730692461231,0.7017310252996005,0.3360969387755102,0.45450625269512723,0.645399328841749,0.4896331999989343,4.454808235168457,"{""learning_rate"": 0.1, ""n_iterations"": 220, ""reg_type"": ""l2"", ""reg_lambda"": 5.0, ""class_weight"": null}",0.0,0.3,knn
feature_corruption,,77,LDA,26048,6513,0.7996315062183326,0.6844319775596073,0.3112244897959184,0.42788250767207364,0.6328619921173727,0.006516800000099465,4.274421691894531,{},0.0,0.3,knn
feature_corruption,,77,GNB,26048,6513,0.7884231536926147,0.6666666666666666,0.2423469387755102,0.35547240411599623,0.6019621448174821,0.007430400000885129,3.6864852905273438,{},0.0,0.3,knn
feature_corruption,,123,LR-Newton,26048,6513,0.8108398587440504,0.7159383033419023,0.3552295918367347,0.47485080988917305,0.6552689920761025,0.06006060000072466,8.614356994628906,"{""n_iterations"": 25, ""tol"": 1e-06}",0.0,0.3,mean
feature_corruption,,123,L2-LR,26048,6513,0.8053124520190389,0.7112676056338029,0.32206632653061223,0.4433713784021071,0.6403051551763274,0.6474816999980249,4.454860687255859,"{""learning_rate"": 0.1, ""n_iterations"": 220, ""reg_type"": ""l2"", ""reg_lambda"": 5.0, ""class_weight"": null}",0.0,0.3,mean
feature_corruption,,123,LDA,26048,6513,0.7988638108398587,0.6996904024767802,0.288265306122449,0.4083107497741644,0.6245168795526299,0.0071715999984007794,4.274421691894531,{},0.0,0.3,mean
feature_corruption,,123,GNB,26048,6513,0.7933364041148472,0.6996402877697842,0.24808673469387754,0.3662900188323917,0.6071576241720147,0.007740500001091277,3.6864852905273438,{},0.0,0.3,mean
feature_corruption,,123,LR-Newton,26048,6513,0.8113004759711346,0.7209908735332464,0.35267857142857145,0.47366167023554606,0.6547012675140835,0.05529770000066492,8.614250183105469,"{""n_iterations"": 25, ""tol"": 1e-06}",0.0,0.3,median
feature_corruption,,123,L2-LR,26048,6513,0.8062336864732075,0.7210982658959537,0.3182397959183674,0.4415929203539823,0.6396052366851696,0.5780825000001641,4.454860687255859,"{""learning_rate"": 0.1, ""n_iterations"": 220, ""reg_type"": ""l2"", ""reg_lambda"": 5.0, ""class_weight"": null}",0.0,0.3,median
feature_corruption,,123,LDA,26048,6513,0.7991708889912482,0.703125,0.2869897959183674,0.4076086956521739,0.6242835733889107,0.0072147999999288,4.274421691894531,{},0.0,0.3,median
feature_corruption,,123,GNB,26048,6513,0.790879778903731,0.6769759450171822,0.2512755102040816,0.3665116279069767,0.6066286550009286,0.007817600002454128,3.6864852905273438,{},0.0,0.3,median
feature_corruption,,123,LR-Newton,26048,6513,0.8099186242898818,0.7104591836734694,0.3552295918367347,0.4736394557823129,0.6546623186686201,0.04107550000117044,8.612579345703125,"{""n_iterations"": 25, ""tol"": 1e-06}",0.0,0.3,knn
feature_corruption,,123,L2-LR,26048,6513,0.8071549209273761,0.7074468085106383,0.3392857142857143,0.4586206896551724,0.6473981655351726,0.4972568000011961,4.454868316650391,"{""learning_rate"": 0.1, ""n_iterations"": 220, ""reg_type"": ""l2"", ""reg_lambda"": 5.0, ""class_weight"": null}",0.0,0.3,knn
feature_corruption,,123,LDA,26048,6513,0.8011668969752802,0.6975397973950795,0.30739795918367346,0.4267374944665781,0.6325665225645364,0.006760500000382308,4.274421691894531,{},0.0,0.3,knn
feature_corruption,,123,GNB,26048,6513,0.7930293259634577,0.6943462897526502,0.25063775510204084,0.3683223992502343,0.6078264609686139,0.007841399998142151,3.6864852905273438,{},0.0,0.3,knn
feature_corruption,,2026,LR-Newton,26048,6513,0.809765085214187,0.7043478260869566,0.36160714285714285,0.4778761061946903,0.65673885959844,0.05677719999948749,8.614356994628906,"{""n_iterations"": 25, ""tol"": 1e-06}",0.0,0.3,mean
feature_corruption,,2026,L2-LR,26048,6513,0.8080761553815446,0.7172131147540983,0.33482142857142855,0.45652173913043476,0.6464804817275748,0.5933647999991081,4.454403877258301,"{""learning_rate"": 0.1, ""n_iterations"": 220, ""reg_type"": ""l2"", ""reg_lambda"": 5.0, ""class_weight"": null}",0.0,0.3,mean
feature_corruption,,2026,LDA,26048,6513,0.7999385843697221,0.6962962962962963,0.2997448979591837,0.4190815871600535,0.629144440890613,0.007255000000441214,4.274421691894531,{},0.0,0.3,mean
feature_corruption,,2026,GNB,26048,6513,0.7865806847842776,0.6583629893238434,0.23596938775510204,0.3474178403755869,0.5985711448381172,0.007584700000734301,3.6864852905273438,{},0.0,0.3,mean
feature_corruption,,2026,LR-Newton,26048,6513,0.8086903116843237,0.7048346055979644,0.35331632653061223,0.47068819031435855,0.653200124842657,0.05542749999949592,8.614227294921875,"{""n_iterations"": 25, ""tol"": 1e-06}",0.0,0.3,median
feature_corruption,,2026,L2-LR,26048,6513,0.8080761553815446,0.723943661971831,0.3278061224489796,0.45127304653204564,0.6440850632467345,0.597720699999627,4.455036163330078,"{""learning_rate"": 0.1, ""n_iterations"": 220, ""reg_type"": ""l2"", ""reg_lambda"": 5.0, ""class_weight"": null}",0.0,0.3,median
feature_corruption,,2026,LDA,26048,6513,0.799324428066943,0.6998468606431854,0.2914540816326531,0.4115263394867177,0.6259090428385712,0.007670500002859626,4.274421691894531,{},0.0,0.3,median
feature_corruption,,2026,GNB,26048,6513,0.783049286043298,0.6306913996627319,0.2385204081632653,0.3461360481258677,0.5971166247085286,0.00762140000006184,3.6864852905273438,{},0.0,0.3,median
feature_corruption,,2026,LR-Newton,26048,6513,0.8054659910947336,0.6869565217391305,0.35267857142857145,0.46607669616519176,0.6508590026000289,0.043593100002908614,8.612579345703125,"{""n_iterations"": 25, ""tol"": 1e-06}",0.0,0.3,knn
feature_corruption,,2026,L2-LR,26048,6513,0.8020881314294488,0.6852589641434262,0.32908163265306123,0.44463593278759156,0.6405772167309796,0.4881908999996085,4.454685211181641,"{""learning_rate"": 0.1, ""n_iterations"": 220, ""reg_type"": ""l2"", ""reg_lambda"": 5.0, ""class_weight"": null}",0.0,0.3,knn
feature_corruption,,2026,LDA,26048,6513,0.7961001074773529,0.6749271137026239,0.29528061224489793,0.4108251996450754,0.6250922778110233,0.0066193999991810415,4.274421691894531,{},0.0,0.3,knn
feature_corruption,,2026,GNB,26048,6513,0.7873483801627514,0.6631016042780749,0.2372448979591837,0.3494598403006106,0.5995122366438992,0.007822800002031727,3.6860504150390625,{},0.0,0.3,knn
